Гидрокостюм Баланс Комфорт 2012 5,5мм женский;женский; 5,5мм;11300
Гидрокостюм DIVE 5.5мм мужской;мужской; 5.5мм;10890
Гидрокостюм Second Skin 6мм женский;женский; 6мм;9900
Гидрокостюм W1 5мм мужской;мужской; 5мм;31950
Гидрокостюм W1 5мм женский;женский; 5мм;31950
Гидрокостюм W30 2,5мм мужской;мужской; 2,5мм;10485
Гидрокостюм W30 2,5мм женский;женский; 2,5мм;10485
Гидрокостюм W30 Shorty 2,5мм мужской;мужской; 2,5мм;7920
Гидрокостюм W30 Shorty 2,5мм женский;женский; 2,5мм;7920
Гидрокостюм W4 5мм женский;женский; 5мм;27450
Гидрокостюм W4 5мм мужской;мужской; 5мм;27450
Гидрокостюм Баланс Комфорт 2016 5,5мм женский;женский; 5,5мм;24910
Гидрокостюм Castoro 5мм женский ;женский; 5мм;7990
Гидрокостюм UTRISH Long 3мм мужской;мужской; 3мм;4295
Гидрокостюм для дайвинга UTRISH Shorty мужской 3 мм;мужской; 3 мм;3190
Гидрокостюм Diveflex 5.5мм женский;женский; 5.5мм;18290
Гидрокостюм Diveflex 5.5мм мужской;мужской; 5.5мм;18290
Гидрокостюм БАЛАНС КОМФОРТ 2014 5,5мм женский комплект;женский; 5,5мм;16110
Гидрокостюм БАЛАНС КОМФОРТ 2014 5,5мм мужской комплект;мужской; 5,5мм;24850
Гидрокостюм БАЛИ 2013 3,5мм женский;женский; 3,5мм;550
